<?xml version="1.0"?>
<!DOCTYPE hibernate-mapping PUBLIC "-//Hibernate/Hibernate Mapping DTD 3.0//EN"
"http://www.hibernate.org/dtd/hibernate-mapping-3.0.dtd">
<!-- Generated Aug 25, 2019 9:05:11 AM by Hibernate Tools 4.3.1 -->
<hibernate-mapping>
    <class name="mypack.ProblemSet" table="problem_set" catalog="ustudent" optimistic-lock="version">
        <id name="serialNo" type="int">
            <column name="serial_no" />
            <generator class="assigned" />
        </id>
        <property name="description" type="string">
            <column name="description" length="200" />
        </property>
        <property name="input" type="string">
            <column name="input" length="150" />
        </property>
        <property name="output" type="string">
            <column name="output" length="150" />
        </property>
    </class>
</hibernate-mapping>
